Model,Accuracy,Precision,Recall,F1-Score
Logistic Regression,0.7333333333333333,0.6876091081593927,0.7333333333333333,0.7085806697108067
Naive Bayes,0.7,0.6579450549450548,0.7,0.6668009074259074
DistilBERT,0.6916666666666667,0.6459554334554335,0.6916666666666667,0.6667360439806138
